{"cameraMode":{"drawMode":0,"name":"Shaded","section":"Shading Mode"},"sceneLighting":true,"audioPlay":false,"sceneViewState":{"m_AlwaysRefresh":false,"showFog":true,"showSkybox":true,"showFlares":true,"showImageEffects":true,"showParticleSystems":true,"showVisualEffectGraphs":true,"m_FxEnabled":true},"in2DMode":false,"pivot":{"x":320.3406677246094,"y":235.66006469726563,"z":18.75063705444336},"rotation":{"x":0.013338897377252579,"y":-0.1538720428943634,"z":0.0020773806609213354,"w":0.9879974126815796},"size":256.6365966796875,"orthographic":true}