{"cameraMode":{"drawMode":0,"name":"Shaded","section":"Shading Mode"},"sceneLighting":true,"audioPlay":false,"sceneViewState":{"m_AlwaysRefresh":false,"showFog":true,"showSkybox":true,"showFlares":true,"showImageEffects":true,"showParticleSystems":true,"showVisualEffectGraphs":true,"m_FxEnabled":true},"in2DMode":false,"pivot":{"x":253.4319305419922,"y":171.11279296875,"z":-4.274505615234375},"rotation":{"x":0.03749123588204384,"y":-0.0014990606578066946,"z":0.000056138585932785645,"w":0.9992940425872803},"size":164.97471618652345,"orthographic":false}