{"cameraMode":{"drawMode":0,"name":"Shaded","section":"Shading Mode"},"sceneLighting":true,"audioPlay":false,"sceneViewState":{"m_AlwaysRefresh":false,"showFog":true,"showSkybox":true,"showFlares":true,"showImageEffects":true,"showParticleSystems":true,"showVisualEffectGraphs":true,"m_FxEnabled":true},"in2DMode":false,"pivot":{"x":244.67330932617188,"y":162.7470703125,"z":9.6971435546875},"rotation":{"x":0.01949886977672577,"y":-0.0014998121187090874,"z":0.00002924971340689808,"w":0.9998072385787964},"size":138.52760314941407,"orthographic":false}